{"mean_reward": 279.3241147465506, "std_reward": 17.589736781004717, "is_deterministic": true, "n_eval_episodes": 10, "eval_datetime": "2025-09-26T00:22:09.052371"}